loan_amount,term,interest_rate,annual_income,debt_to_income,credit_score,employment_length,purpose,delinq_2yrs,revol_util,default
16795,36,29.53,20155,15.64,675,6,car,0,65.4,0
1860,36,20.8,143950,13.06,746,18,other,4,61.86,0
39158,36,11.5,87494,5.05,405,1,car,0,30.98,0
45732,36,20.85,96229,30.53,700,9,credit_card,0,8.58,0
12284,36,18.5,124648,38.84,395,17,medical,1,9.09,0
7265,36,24.5,58547,12.85,687,16,credit_card,1,92.32,0
17850,60,7.67,48795,28.21,751,4,other,0,68.93,0
38194,36,24.03,41447,30.97,715,11,car,2,12.71,0
22962,60,18.53,187670,34.69,803,5,car,1,35.67,0
48191,60,29.07,192886,19.79,753,8,medical,4,59.25,0
45131,36,13.55,107960,15.6,590,19,other,3,83.56,0
17023,60,20.82,83278,16.39,833,0,small_business,1,4.37,0
42090,60,28.3,75077,29.94,492,14,small_business,0,23.66,1
2685,60,7.56,132782,33.59,449,5,medical,2,88.97,0
1769,60,28.43,122932,11.36,814,18,other,3,0.92,0
3433,36,22.2,160600,17.98,692,17,medical,1,20.14,0
6311,60,6.7,129869,36.57,615,5,other,2,95.9,0
38819,36,12.52,159251,33.23,375,12,credit_card,2,61.34,0
40188,60,22.7,68781,39.47,569,0,medical,2,26.17,1
18568,60,6.68,175024,31.4,524,12,other,0,6.7,0
20769,36,19.55,73798,18.76,829,6,small_business,4,2.82,0
29693,60,13.65,118696,25.67,412,14,other,2,24.47,0
7396,60,20.52,70939,28.14,550,11,other,3,88.15,1
28480,60,6.14,49516,7.75,532,0,medical,1,41.59,0
42434,36,26.79,161521,24.06,382,14,credit_card,3,72.03,0
26658,60,29.34,70290,29.83,424,3,credit_card,0,91.83,1
19942,36,29.22,146688,10.86,474,12,credit_card,0,40.8,0
19431,60,23.74,106661,32.32,368,4,credit_card,3,19.13,1
3747,36,8.25,92954,25.43,346,1,home,4,51.71,0
1189,36,23.96,42746,38.33,555,0,medical,0,90.81,1
20118,60,5.61,87990,6.48,329,15,car,0,80.44,0
36773,60,5.55,78810,14.29,580,5,medical,3,6.58,0
2899,36,13.09,138362,26.05,536,15,home,0,69.26,0
2267,36,17.22,166295,15.38,547,13,credit_card,4,57.19,0
32551,60,24.26,153669,30.0,667,2,home,4,90.75,0
12394,36,22.08,22659,31.57,794,14,small_business,4,12.25,0
4556,60,16.15,106516,8.59,324,2,small_business,1,53.4,0
4890,60,11.84,94567,22.98,789,1,medical,4,87.95,0
42606,60,29.93,35037,22.81,793,0,medical,4,41.0,0
31740,60,15.65,146498,17.92,613,8,car,1,48.2,0
15502,36,16.28,197810,37.65,674,8,car,2,7.05,0
22777,60,9.09,32109,33.96,324,6,small_business,0,27.81,0
11627,36,24.87,42010,29.4,633,2,credit_card,4,32.45,0
9792,60,22.34,28787,30.0,654,17,home,0,94.51,0
44323,36,10.52,159544,21.16,415,10,car,3,28.27,0
44021,60,7.06,174455,37.23,347,6,other,0,46.09,0
9433,36,22.01,81709,29.31,398,8,car,1,67.13,1
44001,36,21.36,54518,30.51,758,0,credit_card,0,16.22,0
12016,60,11.83,73909,35.16,822,13,credit_card,0,48.64,0
24897,60,28.77,38351,14.59,704,19,medical,0,73.85,0
3612,60,8.78,35282,33.25,513,5,home,2,86.69,0
24483,60,15.81,172850,11.83,802,6,credit_card,2,62.63,0
49555,36,28.59,175336,17.09,747,9,car,3,66.91,0
18159,60,15.49,25075,16.75,557,6,car,1,12.63,0
45974,36,20.96,199526,39.25,420,1,small_business,0,94.58,1
41994,36,14.94,48365,34.98,353,3,credit_card,0,13.26,0
15541,60,11.86,199272,29.54,630,16,other,0,77.47,0
36920,36,29.6,31002,30.45,540,0,medical,0,26.48,1
27531,36,15.23,33947,24.67,829,9,home,2,93.36,0
2585,36,27.35,114840,38.15,782,18,other,3,72.0,0
4943,36,10.75,136219,22.37,486,14,medical,4,75.38,0
24939,60,10.33,98610,18.32,561,9,car,1,21.91,0
20457,60,5.78,72142,10.71,663,18,other,0,44.3,0
2021,60,21.29,76307,32.52,790,11,medical,3,61.78,0
12653,60,14.21,155565,30.71,730,15,car,4,77.0,0
44573,36,26.61,70085,18.45,538,8,car,3,10.4,0
14417,36,16.83,54228,5.88,603,14,car,2,96.24,0
41757,60,29.2,182727,34.36,597,16,car,4,89.02,1
10692,60,9.64,63472,5.4,375,13,car,3,27.03,0
46758,60,26.72,69437,29.63,632,17,small_business,2,82.28,0
7873,36,24.41,79711,38.96,773,1,other,3,51.83,0
6675,60,24.27,157888,20.32,582,3,medical,3,46.18,0
1161,60,26.12,97175,13.22,371,17,small_business,4,31.44,0
38065,60,24.03,84307,29.67,562,6,small_business,2,58.1,1
27557,36,20.66,66733,33.6,311,12,credit_card,0,72.99,1
34763,36,8.28,148202,24.13,440,14,credit_card,1,41.09,0
33606,36,5.81,115028,38.85,316,0,credit_card,4,62.92,0
12534,36,28.02,162312,6.81,362,10,home,2,69.93,0
30127,36,20.42,112493,22.67,552,9,credit_card,3,71.11,0
41397,36,24.91,145149,30.15,764,4,medical,2,5.2,0
26851,36,17.04,183834,35.19,675,15,small_business,1,85.97,0
2016,36,7.93,28259,11.27,819,10,medical,1,45.83,0
25253,60,8.13,148775,33.0,389,5,other,0,26.24,0
25276,60,22.14,34849,24.34,474,8,credit_card,0,24.18,0
24247,36,15.76,101768,18.88,375,12,home,1,48.3,0
25300,36,10.01,126108,9.61,699,7,other,4,88.68,0
9529,60,17.29,109709,35.29,370,13,home,4,37.83,0
18262,36,6.61,74869,10.5,479,0,other,3,74.97,0
10268,36,19.55,146888,15.84,423,16,small_business,0,9.68,0
22271,36,11.72,83095,15.15,680,4,medical,3,47.61,0
13185,60,24.94,137886,35.5,592,1,car,0,99.17,1
22243,60,12.76,90910,28.54,494,8,medical,1,77.04,0
40099,60,16.38,43567,32.88,527,3,credit_card,4,21.05,0
9571,60,5.29,55292,13.77,730,16,car,4,50.14,0
40976,60,6.81,94813,26.87,735,16,home,1,23.36,0
39044,36,14.81,117136,25.01,760,17,small_business,3,40.96,0
49984,60,17.0,71631,34.15,320,15,small_business,3,78.01,0
41774,36,20.0,29885,36.71,363,7,home,2,77.12,0
3568,36,12.29,86314,5.43,464,10,credit_card,0,22.81,0
3027,60,22.37,85087,28.59,326,17,home,3,92.22,1
3695,60,26.5,180237,6.81,610,9,other,1,59.26,0
49190,36,24.5,115998,24.21,584,12,credit_card,3,37.99,0
6258,36,5.99,69812,15.07,580,16,car,4,50.19,0
23002,36,17.01,78643,15.74,463,17,home,0,60.51,0
40504,60,7.62,64900,17.35,523,9,credit_card,2,55.99,0
34159,60,11.05,194018,26.75,445,15,car,0,48.64,0
14986,60,29.67,158923,16.69,329,19,home,4,50.49,0
13666,60,8.56,36288,30.64,344,4,small_business,4,17.64,0
39660,60,17.47,92692,19.16,770,12,home,4,81.27,0
4561,36,20.45,158440,7.39,333,17,medical,4,54.18,0
27854,60,22.56,105436,32.43,726,16,home,1,13.11,0
39952,36,18.99,66403,15.0,520,8,medical,2,76.62,0
23662,36,5.24,111170,20.15,833,13,car,4,93.24,0
9392,36,13.16,29168,28.99,666,16,home,4,94.73,0
31535,60,17.94,69879,16.64,849,3,car,3,36.9,0
14067,60,7.2,79871,6.98,415,17,car,2,13.55,0
49033,60,13.77,52174,18.09,538,19,credit_card,0,51.84,0
24599,36,5.83,157653,38.06,634,14,car,2,11.26,0
36222,36,6.96,130155,27.46,740,10,car,2,93.4,0
12837,36,14.92,91853,28.5,447,11,home,2,18.36,0
15039,36,8.32,84046,27.13,308,8,home,4,25.28,0
31818,36,19.19,69678,11.96,587,12,small_business,4,40.66,0
20115,36,22.24,46649,19.64,687,14,credit_card,1,38.32,0
11965,60,25.01,147795,31.28,349,14,car,0,79.47,1
25538,60,10.0,108668,8.55,816,4,credit_card,3,45.63,0
43530,60,9.19,165639,14.72,577,18,medical,2,17.08,0
6056,60,7.61,109906,14.67,599,19,car,0,26.72,0
33482,36,20.91,116019,20.12,434,13,credit_card,0,50.91,0
48716,36,22.66,98002,39.31,446,16,small_business,1,14.75,1
9110,60,5.79,48803,7.36,789,17,small_business,3,61.17,0
14773,36,28.41,169302,23.15,777,2,car,2,56.57,0
28266,60,6.3,168934,11.28,458,1,medical,3,71.47,0
18412,60,18.53,194427,38.97,683,0,small_business,1,93.77,0
34270,60,22.73,182331,8.97,462,9,small_business,4,91.23,0
7910,36,26.77,50795,19.13,740,18,medical,0,94.61,0
46453,60,22.85,28770,30.83,488,16,credit_card,2,24.47,1
26446,60,25.04,31093,29.66,714,11,small_business,4,13.16,0
1206,60,13.49,197643,19.8,638,0,home,1,30.23,0
22518,36,25.37,151265,17.13,480,11,other,3,89.51,0
23361,36,7.0,120311,18.92,587,16,other,0,97.21,0
24419,60,27.37,37569,14.25,486,2,small_business,2,85.93,0
49702,36,18.69,31190,12.19,437,10,credit_card,4,11.0,0
42523,36,25.43,82824,21.91,429,16,credit_card,4,94.74,0
46151,36,16.31,193824,14.4,493,2,car,0,42.34,0
23403,36,21.09,183399,15.06,615,7,home,3,0.93,0
19141,36,18.16,62070,27.99,443,19,credit_card,1,44.24,0
15820,36,23.29,60197,38.9,315,3,medical,3,4.61,1
41342,36,7.04,22261,26.13,601,6,home,3,54.39,0
7374,36,6.51,177584,7.69,722,13,other,3,33.86,0
2678,36,11.18,157788,7.65,544,13,home,0,47.34,0
34827,36,8.99,106795,38.3,406,3,medical,0,61.32,0
17198,60,26.79,48933,15.41,387,15,small_business,1,86.88,0
10914,60,10.48,155450,8.22,428,0,medical,3,66.19,0
28890,36,29.4,60583,25.97,640,16,medical,0,43.4,0
23299,60,13.42,132082,26.83,303,9,small_business,1,81.94,0
44585,60,9.55,105371,27.7,626,15,small_business,1,90.56,0
44689,36,24.74,180105,14.36,709,15,small_business,3,11.98,0
43557,36,21.47,175072,5.53,605,7,small_business,2,53.19,0
45020,36,17.45,131032,38.78,524,6,small_business,3,28.45,0
3693,60,18.88,62604,13.78,647,5,medical,2,4.71,0
30467,60,22.98,115074,28.66,620,15,car,1,66.85,0
30723,36,10.71,93869,29.73,480,19,car,0,86.28,0
47699,36,29.91,25410,26.35,685,15,credit_card,4,16.29,0
4627,36,29.37,103375,15.95,407,6,car,1,81.24,0
26939,60,21.26,116055,14.49,830,8,other,0,85.34,0
49925,60,9.99,157868,25.92,709,13,car,1,91.43,0
43941,60,22.01,106716,35.31,595,10,medical,3,26.53,1
22834,60,6.8,74245,38.14,470,13,small_business,2,90.4,0
19047,36,5.77,63056,8.71,630,6,small_business,1,32.07,0
27105,36,11.44,168781,10.42,792,0,medical,0,55.23,0
11230,36,16.57,78557,38.07,494,12,other,3,5.05,0
16707,36,26.71,37543,30.78,311,19,car,4,4.39,1
22976,60,23.18,188490,35.9,494,2,medical,3,72.04,1
45262,60,23.57,116038,12.09,789,19,credit_card,2,44.45,0
24776,36,15.64,167796,25.57,481,3,small_business,3,25.63,0
31080,36,13.65,23828,29.54,615,10,home,4,19.04,0
2306,60,14.28,136656,28.8,329,1,credit_card,0,67.0,0
7776,36,29.69,37087,19.29,395,13,other,1,0.04,0
28251,60,6.0,163677,5.54,680,11,credit_card,2,80.59,0
10474,36,26.68,51337,25.4,743,16,medical,4,7.92,0
41294,36,19.47,156554,13.86,597,11,car,2,19.15,0
22959,36,15.97,85333,20.76,660,11,small_business,3,38.62,0
6530,36,23.13,156535,38.52,673,0,other,2,48.49,0
30320,36,17.17,90448,18.97,602,12,other,4,35.5,0
4748,36,26.84,24648,34.39,720,13,home,1,32.07,0
32968,36,27.52,150576,11.6,545,1,credit_card,1,96.39,0
33562,60,15.54,53623,28.54,536,11,home,2,64.16,0
14545,60,11.92,55634,39.2,833,15,car,0,2.34,0
1663,60,19.81,195674,8.57,484,3,car,2,43.02,0
35766,60,27.81,134598,5.29,767,7,home,3,87.5,0
8994,60,10.27,69334,20.18,662,1,small_business,1,30.15,0
29021,36,20.57,88648,8.24,582,9,car,1,9.46,0
31303,36,20.79,42054,31.19,635,8,home,1,75.84,0
4304,60,23.33,90028,37.01,461,14,credit_card,0,60.6,1
47576,36,8.29,42207,20.19,459,12,home,0,57.03,0
40353,60,22.9,101554,14.05,773,16,home,4,5.36,0
18675,60,27.73,172458,20.2,621,15,medical,2,14.05,0
45417,36,9.49,103276,30.32,311,1,car,2,62.25,0
24938,36,10.94,72781,5.32,723,19,small_business,3,20.78,0
24664,36,29.28,195271,25.63,372,19,small_business,1,50.41,1
2636,60,9.52,81035,26.47,500,13,medical,0,54.49,0
21080,36,26.36,28210,27.32,821,2,other,3,28.35,0
28728,60,17.31,64363,13.47,804,11,small_business,3,94.84,0
27736,60,11.18,98279,29.99,338,7,home,0,84.25,0
29673,60,26.77,173504,8.2,359,1,medical,2,72.24,0
38505,36,16.13,154393,11.97,620,3,credit_card,1,7.8,0
48323,36,17.87,101348,35.71,734,13,car,2,10.61,0
47645,60,13.98,188455,30.86,707,15,car,3,49.28,0
1854,36,19.82,133816,5.48,685,18,car,1,16.07,0
25548,36,9.09,143053,13.69,377,1,home,4,97.83,0
39623,36,14.78,186892,12.5,493,11,credit_card,3,15.85,0
8392,60,29.24,86262,14.48,584,13,medical,2,48.75,0
47717,60,11.45,154832,13.66,826,5,medical,2,36.41,0
22556,36,21.42,173262,7.19,823,12,car,2,63.94,0
39559,60,13.13,87411,21.06,455,3,credit_card,0,12.9,0
27309,36,24.34,43377,30.65,639,17,credit_card,3,43.03,0
22919,36,8.27,197809,26.24,424,11,credit_card,1,27.47,0
5931,36,29.25,58211,28.55,579,19,small_business,2,88.78,1
33970,36,16.34,23744,7.84,427,18,small_business,2,4.06,0
45215,60,10.9,44995,38.3,613,7,car,0,91.37,0
13688,60,6.84,168049,34.35,631,6,credit_card,1,83.3,0
26342,60,9.24,54542,33.18,449,15,other,3,29.76,0
38157,36,17.99,30651,33.8,753,18,credit_card,4,78.93,0
3327,36,13.43,119239,37.64,335,5,medical,0,3.12,0
41772,36,25.72,98931,24.05,719,19,medical,3,96.69,0
41545,60,15.77,122112,12.01,321,10,car,4,52.66,0
1197,36,11.22,36715,26.59,505,4,other,2,30.33,0
24509,60,20.43,195481,31.0,655,15,credit_card,2,36.26,0
35698,60,22.67,175378,30.83,739,6,other,1,6.64,0
45542,60,9.18,170158,23.25,395,4,car,4,98.93,0
16087,60,9.19,165448,7.4,463,10,medical,2,3.93,0
23671,60,5.92,81350,17.99,447,14,medical,2,65.49,0
26184,60,23.41,91425,37.23,829,2,small_business,1,44.27,0
28848,36,21.6,187708,25.46,593,4,car,3,94.89,1
43107,36,16.87,106120,23.84,494,4,car,2,24.6,0
21666,60,26.1,134889,14.41,779,8,credit_card,0,53.21,0
45357,60,25.14,185682,17.9,422,14,credit_card,0,48.24,0
16708,36,19.63,161130,36.34,699,2,small_business,3,70.29,0
27370,60,26.71,94637,28.33,751,5,home,4,6.8,0
3811,60,10.15,90194,32.56,403,16,other,1,19.38,0
48011,36,7.8,96917,20.9,761,7,home,0,21.46,0
7546,60,11.74,84200,27.06,695,10,home,0,73.82,0
35754,60,6.43,125848,13.69,636,5,car,3,18.91,0
31206,60,18.28,126022,29.69,441,7,other,4,57.35,0
42106,36,28.42,197691,19.97,616,9,car,4,21.52,0
12411,36,5.98,168226,20.49,826,2,other,3,86.16,0
3911,36,8.05,170611,27.73,700,13,medical,0,94.22,0
2734,60,16.3,80058,37.77,609,13,car,1,51.85,0
19227,60,28.35,82068,7.24,794,9,car,0,35.23,0
9680,36,12.9,119932,33.87,408,11,car,4,23.41,0
20360,60,17.68,181445,15.23,671,5,small_business,0,4.98,0
19343,60,6.04,184226,20.54,505,11,car,1,26.85,0
6759,60,8.71,157103,5.77,342,13,credit_card,2,65.42,0
24078,60,29.67,42785,15.54,544,1,credit_card,0,53.36,0
36153,60,29.13,179741,22.59,586,8,other,3,94.4,0
12111,36,5.12,114475,6.97,654,9,medical,2,39.63,0
38504,60,28.8,22282,22.19,775,16,small_business,3,69.39,0
2802,36,20.98,185696,37.45,382,16,other,3,48.93,1
9155,60,26.7,199510,8.69,409,2,credit_card,3,51.26,0
9120,36,16.37,87534,31.76,489,18,small_business,0,26.78,0
40384,60,17.89,182777,19.34,550,0,small_business,4,45.5,0
48025,36,17.22,189316,27.93,590,11,medical,2,47.08,0
48254,60,21.67,94964,14.11,500,6,small_business,1,70.66,0
22918,36,8.49,188509,10.58,625,3,car,4,94.06,0
21445,60,5.75,139006,10.62,810,9,small_business,0,32.93,0
31306,36,12.7,70583,7.47,708,12,medical,3,4.22,0
17646,60,22.62,58392,11.5,807,1,other,1,49.63,0
47843,36,10.05,27461,28.25,371,9,medical,2,54.45,0
32065,36,21.84,120123,35.86,546,3,medical,4,16.84,1
26199,60,29.25,30516,33.49,643,17,credit_card,4,76.05,0
42976,60,7.35,168586,28.98,353,4,car,1,98.49,0
17371,36,21.82,141251,8.87,827,18,credit_card,0,94.58,0
12835,60,16.09,187340,15.12,831,1,other,2,19.71,0
46936,36,26.7,187860,15.84,492,11,home,1,87.54,0
3049,36,9.43,82493,13.75,357,16,other,3,70.45,0
32616,36,22.32,56027,23.03,736,9,car,2,45.38,0
39191,60,25.95,113547,23.74,410,1,small_business,4,54.06,0
48357,36,28.62,193921,17.49,428,5,medical,1,84.96,0
21932,36,22.08,120127,17.38,625,7,home,4,48.01,0
30855,60,17.43,168930,34.0,307,18,car,4,37.32,0
8158,60,20.45,99003,32.63,328,10,credit_card,4,49.32,1
44016,60,26.72,59758,15.77,411,11,medical,0,57.91,0
8400,60,19.27,74312,36.98,430,8,other,4,18.91,0
43642,36,5.76,88670,38.35,487,1,credit_card,3,90.09,0
16151,36,28.27,102279,16.44,774,7,car,3,67.42,0
2154,36,22.24,35434,17.4,663,10,car,2,63.33,0
5499,36,21.91,198847,22.7,503,3,other,4,9.95,0
7295,60,10.39,95769,37.94,511,9,home,4,60.42,0
13183,36,21.47,86677,35.67,575,19,other,1,12.1,1
30299,36,14.85,103555,8.59,372,15,small_business,0,7.87,0
13874,60,21.28,148379,18.75,542,7,credit_card,2,52.73,0
33711,36,7.66,196806,24.37,401,3,home,4,40.28,0
6539,36,21.45,121665,22.61,470,9,medical,1,58.88,0
43405,36,29.99,191675,11.79,487,11,small_business,0,8.92,0
49354,36,6.21,88803,35.06,740,13,home,2,43.1,0
3557,36,29.43,190404,28.69,385,15,credit_card,2,17.48,1
39360,36,15.17,111703,34.33,775,17,car,4,98.71,0
17482,60,26.77,41312,35.06,351,11,medical,2,56.12,1
3200,60,24.56,195251,31.19,410,17,other,1,68.74,1
47940,36,19.18,137961,20.37,342,6,credit_card,2,32.54,0
3961,36,23.46,60379,26.37,510,19,small_business,3,9.47,1
47975,60,26.96,37297,10.61,499,6,small_business,1,97.59,0
22357,36,15.1,22011,28.58,325,8,car,0,28.63,0
12969,36,13.18,140234,11.27,598,0,car,0,42.38,0
3869,36,21.69,64014,29.29,376,5,medical,4,64.99,1
47760,60,25.2,162810,13.04,436,5,other,4,2.47,0
29643,36,24.06,114333,9.11,319,11,medical,3,81.03,0
25736,60,24.95,198570,10.78,739,11,car,0,53.66,0
39467,36,15.89,31120,5.07,510,9,car,0,27.82,0
24328,60,25.45,159839,30.16,734,5,small_business,0,6.16,0
26876,60,8.01,42852,30.63,506,16,car,0,16.25,0
22295,36,18.61,99239,23.02,738,18,home,2,89.5,0
4987,60,5.14,152001,10.65,341,17,credit_card,1,68.6,0
23399,36,13.11,111575,7.92,710,5,car,1,24.99,0
47214,60,14.16,115040,5.67,822,18,medical,3,6.56,0
34986,36,14.9,168510,10.8,726,9,other,2,69.06,0
21880,36,22.39,199587,36.18,574,7,other,0,57.24,1
5735,60,14.71,25744,13.45,747,5,other,0,40.45,0
45064,36,16.22,193489,17.4,668,6,home,4,36.36,0
5555,36,10.94,158141,8.69,519,0,medical,4,21.68,0
42914,60,14.33,62359,12.78,531,17,home,3,66.96,0
41818,36,10.68,170871,23.17,627,19,car,0,97.07,0
46525,36,6.83,118746,26.27,742,11,credit_card,3,17.57,0
20830,60,20.09,140906,13.59,351,15,other,2,59.71,0
18429,60,21.71,27597,7.02,675,9,medical,1,42.42,0
7893,36,20.49,67093,18.69,562,9,other,0,44.67,0
15373,36,16.59,188298,13.2,566,13,home,2,25.41,0
48333,60,14.49,134650,12.68,658,19,small_business,0,82.51,0
4436,60,26.58,177489,38.6,616,9,car,4,48.53,0
9754,36,17.98,169765,26.57,623,9,credit_card,3,54.34,0
11677,60,16.98,140956,24.49,720,10,car,4,30.48,0
6895,36,5.64,135598,19.55,345,1,small_business,1,18.18,0
20738,36,13.53,153241,20.01,568,19,credit_card,4,8.59,0
31746,36,14.5,173124,23.93,680,7,small_business,0,71.41,0
49404,36,14.97,28036,29.38,417,6,car,4,19.62,0
33352,36,19.5,51778,29.58,415,7,home,0,69.01,0
40790,60,18.34,178806,11.01,559,0,car,1,39.04,0
42919,60,20.2,174245,22.5,374,1,car,4,41.58,0
6600,60,24.12,181475,19.42,779,17,car,3,46.92,0
30124,60,25.32,157416,35.47,604,14,medical,3,36.77,0
28643,36,22.95,38800,27.1,306,0,small_business,3,10.06,1
41764,36,28.89,45372,23.64,665,4,small_business,4,30.96,0
10007,36,5.46,81516,9.04,822,1,other,4,66.37,0
46714,36,9.89,40538,26.2,647,19,small_business,4,66.58,0
38410,60,5.19,83918,9.1,737,2,other,0,28.62,0
45080,36,21.19,166045,16.8,514,18,medical,1,46.01,0
41447,36,27.45,91155,10.0,728,17,home,3,19.34,0
9208,60,11.09,79500,29.22,797,17,other,0,21.04,0
19589,60,28.18,187647,12.22,839,13,car,3,2.3,0
44484,60,6.51,193333,18.72,666,7,home,0,89.67,0
18453,60,28.36,130659,36.35,612,11,medical,4,21.07,0
37212,36,13.79,47716,12.15,837,9,small_business,3,22.75,0
44525,36,7.54,154308,22.77,353,19,other,4,27.96,0
48202,60,17.15,166920,19.67,840,16,car,3,12.74,0
33635,36,11.42,22352,5.63,766,10,credit_card,2,63.93,0
34828,36,12.12,153004,32.75,463,1,credit_card,0,7.51,0
19711,36,12.68,96449,7.42,633,3,home,2,13.42,0
4420,60,25.08,28556,21.6,846,0,small_business,0,64.48,0
32216,36,18.48,106836,24.62,647,14,credit_card,1,33.97,0
1301,60,12.78,156570,26.99,572,12,home,3,70.79,0
46236,36,20.26,70098,29.1,713,7,medical,1,55.74,0
1699,36,22.9,132169,13.86,799,3,home,1,25.6,0
1190,36,11.82,160641,5.35,392,9,home,0,65.08,0
11492,60,15.34,146060,30.32,378,18,home,2,11.63,0
36743,36,8.05,150544,23.75,516,17,car,4,53.64,0
7102,60,9.53,20340,34.26,657,4,home,0,43.71,0
20778,60,22.03,195021,33.75,806,18,other,4,26.79,0
27641,60,9.54,102302,34.52,480,15,home,1,60.4,0
35584,36,18.13,20138,21.98,545,0,car,4,87.13,0
33745,36,22.73,151430,16.68,543,11,car,2,99.89,0
24093,36,7.67,139619,32.7,805,1,medical,0,60.78,0
1569,36,19.18,105376,20.8,721,7,small_business,2,40.47,0
39210,60,11.41,119931,11.42,619,17,credit_card,2,22.52,0
35663,60,29.07,181726,34.92,386,15,credit_card,0,25.71,1
37631,60,17.09,176951,35.89,516,4,home,2,47.95,0
46681,36,25.15,101532,21.32,789,12,medical,3,36.73,0
8455,60,18.76,75778,7.65,818,18,home,3,91.38,0
5014,36,6.09,57772,18.57,577,2,credit_card,3,36.83,0
12093,60,20.83,78478,33.12,468,7,car,4,37.34,1
19070,36,28.79,46762,36.56,629,11,small_business,2,38.35,0
36777,36,20.04,164355,12.12,740,1,medical,0,83.66,0
17538,60,25.48,190492,7.34,690,10,car,0,65.08,0
11729,60,27.11,75568,35.71,795,11,small_business,4,61.42,0
35177,60,10.7,105090,18.63,680,17,medical,0,33.41,0
46017,60,10.3,40219,23.96,605,12,medical,3,81.79,0
1784,36,20.27,77169,38.88,812,4,credit_card,2,3.84,0
28751,60,15.28,94965,7.33,487,11,car,0,87.08,0
41864,60,26.0,197912,27.69,815,1,medical,0,51.27,0
41328,60,27.5,195767,7.59,726,4,other,1,39.83,0
13533,36,13.84,104754,18.14,801,6,medical,1,49.72,0
41111,36,10.92,97988,33.13,559,11,small_business,1,66.74,0
40974,60,24.51,170023,20.17,812,15,credit_card,2,1.28,0
6801,36,11.87,152379,39.9,370,7,home,3,87.16,0
20190,60,25.57,100388,24.57,777,8,credit_card,3,44.67,0
39754,36,15.59,110768,16.24,477,14,home,3,34.3,0
30592,36,21.69,55428,12.7,756,4,car,2,13.82,0
11647,36,7.39,112021,17.27,488,12,car,2,43.95,0
9716,36,20.6,138418,18.04,590,4,medical,1,49.63,0
24355,60,16.29,190047,7.4,819,10,other,0,40.36,0
23009,60,19.67,152212,17.94,591,9,car,4,67.87,0
25376,60,9.2,175914,21.25,582,19,medical,4,42.09,0
46091,36,23.42,46421,30.3,843,12,credit_card,0,96.14,0
5780,60,26.57,21708,27.99,676,8,car,1,59.93,0
3368,60,10.42,154702,29.81,455,13,credit_card,0,80.75,0
13039,60,7.39,170667,5.29,807,17,credit_card,0,10.94,0
7655,36,5.59,96021,12.62,712,14,other,4,39.73,0
41941,36,21.05,179380,28.16,827,9,car,1,33.68,0
5495,36,20.18,64789,21.94,654,6,credit_card,2,56.95,0
11893,60,18.67,46086,5.19,486,7,other,4,86.11,0
26547,60,10.8,36859,33.16,330,2,other,2,7.83,0
23386,60,14.77,27684,32.05,559,14,car,1,7.26,0
14403,36,19.86,111088,24.19,720,15,other,0,85.03,0
33097,36,17.42,152279,7.33,828,3,car,3,21.29,0
14121,60,29.69,66099,31.83,603,5,car,3,66.88,0
11966,36,8.41,86093,25.43,338,0,home,1,54.29,0
34621,36,22.38,180761,32.37,788,3,credit_card,3,83.29,0
29312,36,15.11,68651,31.31,841,10,small_business,2,12.51,0
23677,36,15.7,33893,33.11,577,11,car,3,12.98,0
32289,60,22.94,86418,23.13,502,4,credit_card,1,55.68,0
32024,36,22.31,145074,9.91,365,15,other,1,94.64,0
43675,36,29.78,123065,28.49,407,12,medical,2,41.5,1
5777,36,8.21,150351,26.72,567,12,car,3,32.69,0
30749,36,7.6,58635,30.98,521,16,other,3,60.67,0
16338,60,23.11,115071,10.95,829,6,other,0,93.04,0
3491,60,19.46,98518,11.82,389,7,other,4,83.69,0
28236,36,11.85,126233,36.16,554,12,other,1,99.55,0
49096,36,6.99,123651,31.25,754,15,other,0,2.26,0
15599,36,7.14,92805,36.79,552,3,car,1,11.29,0
20508,36,27.35,179136,31.56,556,7,small_business,0,60.95,1
4051,36,9.8,142813,25.9,682,15,home,4,82.06,0
49747,36,13.08,99063,27.89,741,9,other,0,28.52,0
22606,60,10.67,22454,36.12,389,11,other,1,23.92,0
22699,36,13.87,40878,25.26,689,11,home,3,78.7,0
1876,60,6.74,164063,27.13,343,4,car,1,5.64,0
33093,60,17.98,88344,10.48,318,15,credit_card,2,36.94,0
5142,36,6.69,124946,21.59,400,0,medical,2,50.58,0
16202,60,25.01,56593,30.07,656,8,medical,2,56.03,0
40734,60,10.84,56304,14.48,841,11,credit_card,2,72.86,0
8079,60,18.5,181458,12.08,332,4,car,4,35.48,0
8987,60,27.0,133613,15.98,528,19,medical,3,61.27,0
40567,60,21.27,172155,13.45,823,2,home,3,58.54,0
29940,60,18.32,38354,12.52,454,4,credit_card,1,54.76,0
38233,36,13.11,42190,19.87,722,1,small_business,0,64.05,0
18019,60,13.33,26142,36.77,545,13,car,1,25.94,0
47185,60,21.74,179470,22.75,704,1,credit_card,1,8.46,0
19077,60,29.85,61862,11.58,840,12,medical,1,11.93,0
27258,36,21.55,170575,7.69,460,6,car,1,22.46,0
22136,60,18.94,145438,29.37,416,9,home,3,50.02,0
9311,36,23.27,68456,18.4,570,12,car,0,84.04,0
18214,60,16.63,120167,33.76,786,15,car,1,70.13,0
15098,36,6.5,102035,28.08,471,13,home,3,78.9,0
29251,36,19.06,28016,32.87,573,10,other,1,35.1,0
38945,60,28.94,22384,14.52,558,9,home,2,40.47,0
48030,60,9.38,166144,29.23,434,5,car,1,39.37,0
26945,36,22.25,122239,14.24,721,3,home,1,19.19,0
26316,60,10.02,131431,37.87,720,0,other,4,6.12,0
33217,36,18.4,100018,27.27,485,6,credit_card,2,59.09,0
9308,36,7.42,60510,16.36,663,8,home,0,98.92,0
6949,36,16.26,41826,14.43,677,7,home,1,16.68,0
2150,36,23.9,88026,11.68,822,4,car,0,4.67,0
24944,36,13.69,141668,29.31,495,18,credit_card,2,77.95,0
35699,60,21.62,176590,12.66,397,9,small_business,1,25.26,0
10204,36,24.89,44045,25.84,321,10,small_business,4,82.96,1
2081,36,28.18,110102,14.26,749,14,medical,3,70.39,0
30305,60,10.87,71919,28.17,471,5,home,4,94.57,0
17896,36,14.98,119441,33.52,682,14,home,4,40.89,0
47175,60,8.81,178175,32.23,433,4,credit_card,3,66.2,0
8805,60,29.81,187260,31.63,725,18,other,3,46.49,0
6237,60,28.18,156917,11.57,324,18,small_business,3,63.06,0
21056,36,18.5,187746,8.09,802,9,medical,1,44.96,0
46543,36,26.05,138325,29.46,484,11,credit_card,0,18.86,1
46952,36,18.02,39337,17.89,384,3,home,0,50.79,0
4343,60,20.59,173385,20.13,443,17,small_business,3,52.86,0
14500,36,7.23,178015,6.09,711,15,medical,4,81.06,0
30375,60,23.88,97949,14.09,523,7,car,2,73.55,0
10662,36,8.19,20276,6.18,519,3,small_business,3,66.38,0
17964,60,25.65,71151,35.77,478,11,medical,4,11.34,1
48893,36,24.55,168683,13.52,732,1,credit_card,4,72.06,0
9130,36,22.72,163016,24.51,564,3,car,1,50.03,0
20531,36,5.9,72887,6.36,728,4,medical,1,89.41,0
2679,60,12.58,101442,28.34,715,2,medical,0,91.99,0
4506,60,11.58,69847,16.31,752,8,home,0,5.52,0
14284,36,14.0,78653,36.43,496,17,other,2,82.06,0
8253,36,7.19,76622,36.08,352,10,small_business,2,3.77,0
20128,60,28.42,47810,16.39,779,2,home,2,36.72,0
28932,60,18.85,97842,36.53,742,1,car,2,54.23,0
10435,60,12.64,142225,39.87,629,8,other,4,14.81,0
45078,36,14.92,30503,33.89,550,13,medical,4,74.63,0
14296,60,16.18,104761,34.57,422,3,home,0,0.84,0
31445,36,20.01,188048,13.72,686,8,other,1,16.86,0
14245,60,17.89,146439,25.18,638,12,small_business,1,58.08,0
30124,36,27.98,31590,7.35,647,17,car,3,71.44,0
30899,60,17.42,161958,8.32,328,14,credit_card,4,91.66,0
44919,60,29.8,163938,39.96,334,9,home,2,70.55,1
44225,60,26.29,86624,16.43,817,15,car,2,67.18,0
36247,60,10.21,183864,31.19,695,11,credit_card,3,39.43,0
30222,60,28.26,160836,33.23,593,19,home,1,0.13,1
27211,36,7.91,140356,35.03,648,4,car,2,12.02,0
38220,60,25.44,62727,39.92,446,1,car,1,53.46,1
27646,60,14.52,98471,13.45,366,9,other,3,67.51,0
39649,60,26.95,28068,6.41,819,0,home,1,41.74,0
24049,36,26.7,136923,19.39,421,6,car,1,73.07,0
15069,60,25.15,158367,9.55,639,16,medical,1,52.19,0
33580,36,24.75,192232,5.78,474,15,home,2,7.42,0
32843,60,12.62,31390,17.61,750,2,car,0,19.2,0
3849,60,7.02,126752,32.43,435,13,other,4,84.0,0
41158,36,15.07,171203,24.82,315,9,credit_card,1,72.49,0
24289,60,9.34,114754,15.95,632,6,credit_card,1,89.48,0
45690,36,22.37,95969,27.9,494,16,medical,1,11.76,1
36257,36,13.65,166110,13.12,795,5,home,0,99.02,0
10823,60,29.39,97064,5.5,308,3,other,3,20.94,0
42975,36,21.02,41281,31.75,633,16,car,2,1.18,0
10540,60,25.56,74189,26.83,632,8,car,0,99.74,0
17364,60,8.31,68511,31.68,626,3,credit_card,1,28.11,0
5611,36,26.55,142115,6.36,314,6,other,0,66.8,0
28663,36,28.07,28605,34.3,525,1,medical,0,17.67,1
39646,36,17.18,120318,26.68,724,16,credit_card,0,58.02,0
31977,36,20.16,152453,24.72,707,7,credit_card,3,90.4,0
30168,60,24.12,39810,26.86,412,14,medical,4,32.02,1
26471,60,9.37,175394,35.26,727,14,home,2,67.03,0
23687,36,17.56,61869,25.54,300,7,car,3,18.79,0
1851,60,14.97,52955,25.33,565,15,home,3,62.48,0
19071,60,8.66,81388,39.67,790,18,other,4,33.65,0
7833,60,14.19,30207,31.49,507,10,small_business,3,21.12,0
12938,60,6.7,179292,20.48,668,1,small_business,0,31.32,0
36195,36,5.65,42031,29.76,605,16,small_business,0,17.88,0
27144,36,8.38,100807,18.62,311,15,medical,1,90.19,0
5000,60,29.08,91312,13.01,644,14,credit_card,3,39.72,0
6052,36,18.74,79766,25.89,764,12,home,1,24.53,0
36506,36,29.15,163521,37.49,793,14,car,2,44.84,0
29074,36,15.81,109833,37.52,667,3,small_business,0,32.05,0
39155,60,12.8,131041,16.97,719,15,home,2,74.44,0
41770,60,17.65,136185,23.47,470,11,small_business,4,97.12,0
33320,60,15.99,197164,12.41,433,3,small_business,0,43.8,0
39304,36,7.64,30350,39.85,726,2,car,2,86.1,0
47247,60,21.02,120859,39.34,324,16,other,4,56.59,1
4913,60,10.4,88487,27.73,829,17,other,2,15.72,0
18450,36,20.49,168694,33.15,489,17,other,4,69.06,1
25107,60,21.26,143853,30.03,440,16,medical,4,51.34,1
21764,60,8.8,73117,25.76,614,11,credit_card,0,65.06,0
44404,36,6.53,121084,6.87,743,3,medical,1,88.97,0
21491,36,24.52,43782,20.92,618,11,home,4,44.04,0
39494,36,16.5,48454,28.62,740,19,medical,4,90.12,0
4373,60,6.45,87904,28.71,391,14,home,0,75.07,0
13161,60,29.87,149936,18.06,478,15,home,1,48.86,0
32996,60,6.44,166664,37.96,355,4,credit_card,3,60.32,0
28122,36,22.38,173245,10.86,454,14,car,3,32.56,0
35850,36,29.59,184276,22.51,410,16,credit_card,1,98.36,0
28350,60,10.98,186668,29.18,436,17,other,2,66.74,0
28472,60,8.56,185396,29.4,531,4,other,0,4.38,0
29761,36,8.03,142258,27.7,767,12,medical,1,32.66,0
26351,36,12.58,131668,14.64,780,18,home,3,62.33,0
24132,36,7.53,144184,10.47,367,12,small_business,4,5.63,0
16305,36,22.3,181822,27.26,548,17,small_business,3,2.39,1
10817,60,6.56,36566,25.98,622,13,home,4,45.0,0
12261,36,17.74,158262,11.28,817,3,credit_card,0,33.27,0
1417,60,29.92,58333,29.68,731,3,car,4,43.83,0
42576,60,25.35,141929,20.93,786,19,credit_card,1,26.27,0
21358,60,20.38,109571,28.37,728,19,home,4,16.47,0
4267,36,12.66,140263,34.31,568,18,home,2,68.91,0
18209,36,20.6,152661,10.94,836,12,car,1,51.46,0
25052,36,18.18,45235,5.67,447,11,medical,0,20.02,0
39513,36,15.65,20159,32.27,417,6,medical,1,31.96,0
27092,60,8.27,163217,26.34,666,11,car,2,59.18,0
12338,36,27.17,182993,29.49,365,3,medical,0,7.22,1
1412,36,16.24,124859,34.34,669,1,small_business,3,14.75,0
8543,60,9.87,167309,33.1,474,1,medical,2,7.32,0
41355,36,14.19,127507,38.63,794,4,medical,0,81.23,0
34496,60,15.35,159316,23.76,413,9,medical,4,75.24,0
24548,60,25.69,34743,22.1,410,9,small_business,1,75.33,0
28384,60,23.34,66101,19.07,738,8,medical,0,71.63,0
45425,60,24.23,141534,10.38,446,12,other,1,66.94,0
39756,60,5.28,104227,25.04,334,6,small_business,4,47.7,0
19888,60,15.4,91126,14.7,608,4,car,0,64.23,0
36735,60,17.03,76071,37.25,837,9,credit_card,3,3.84,0
48295,60,5.48,94763,25.41,313,9,car,2,62.15,0
49816,36,11.5,163309,25.75,673,5,credit_card,0,77.79,0
18506,36,24.01,166721,17.42,727,18,car,4,50.04,0
21463,36,8.43,188785,6.82,532,7,other,0,35.75,0
18955,36,18.38,196481,6.11,739,0,credit_card,1,27.74,0
38841,60,10.38,199838,19.82,801,16,credit_card,0,64.28,0
6104,36,5.3,66154,7.96,574,6,home,3,69.28,0
35911,60,11.03,27016,26.24,375,13,credit_card,0,87.1,0
24190,36,29.4,199760,35.83,738,16,credit_card,2,34.23,0
8357,36,25.04,109678,35.9,588,8,home,0,76.98,1
33479,36,28.99,132056,28.07,839,16,medical,1,56.14,0
45811,60,17.2,74238,12.39,552,4,medical,0,88.28,0
37208,36,7.74,78608,35.2,425,19,home,3,52.78,0
21150,60,18.7,109081,36.01,476,7,small_business,4,51.76,0
6644,60,16.36,182969,11.88,336,5,credit_card,0,57.79,0
44286,36,26.11,70961,30.81,709,10,credit_card,0,74.93,0
48320,36,7.45,195829,15.03,426,18,home,2,96.47,0
3914,36,17.21,46917,33.09,782,3,home,3,7.36,0
22352,60,8.75,173808,39.9,467,17,small_business,4,5.34,0
47352,36,13.12,47990,6.05,593,0,other,1,93.76,0
45912,60,23.43,82551,36.41,642,12,medical,0,52.99,0
15397,60,16.9,173512,26.79,609,13,car,4,61.49,0
42555,36,14.4,186277,39.07,827,0,other,1,48.24,0
47959,36,14.86,100811,21.28,839,10,medical,3,9.37,0
1728,60,16.49,75103,34.66,718,16,credit_card,3,76.81,0
1698,60,24.63,192699,7.18,743,3,other,4,74.72,0
40954,60,27.3,126122,16.73,535,11,home,1,31.17,0
48280,36,28.88,39008,7.35,738,9,small_business,3,30.62,0
14923,60,24.67,52402,39.14,513,5,medical,4,83.78,1
17779,36,12.89,156865,33.59,384,0,small_business,3,7.24,0
8400,60,22.2,156643,34.84,384,6,medical,3,88.11,1
25466,60,15.94,167281,37.83,788,15,other,3,25.67,0
37939,36,11.37,133550,7.98,364,13,credit_card,2,59.3,0
5360,60,26.02,194220,18.5,363,19,car,1,93.6,0
36270,36,5.96,111218,7.49,642,19,small_business,4,67.81,0
18101,36,27.54,153296,12.38,651,5,small_business,4,41.44,0
33307,60,16.54,199767,13.03,457,4,car,1,68.95,0
6486,36,20.93,140779,21.42,790,17,small_business,1,34.4,0
9335,36,21.48,149714,14.4,762,14,small_business,1,27.73,0
22364,60,27.38,52441,8.53,524,5,medical,1,99.67,0
38259,36,20.92,190201,10.86,612,18,medical,0,75.08,0
24576,36,20.35,82368,10.15,765,0,car,4,64.47,0
32667,36,6.67,112122,39.06,387,0,credit_card,0,35.53,0
12130,60,17.96,64760,31.58,602,12,other,3,4.92,0
22972,36,8.75,43478,38.87,734,2,other,3,3.11,0
41419,60,23.44,147881,20.39,434,9,small_business,4,55.42,0
2167,60,17.81,91854,14.74,349,2,credit_card,3,76.2,0
28192,36,22.01,114230,32.94,731,8,car,1,53.74,0
2062,36,6.04,105716,16.42,639,7,car,0,84.08,0
19540,36,7.12,163252,15.48,646,2,medical,1,3.34,0
25244,60,22.91,118538,13.14,646,12,small_business,3,36.68,0
22545,36,6.8,35372,9.54,544,5,home,0,23.71,0
22689,36,6.78,49796,13.98,408,12,car,1,44.73,0
12174,36,5.3,118826,17.44,832,19,small_business,4,7.24,0
23925,36,28.91,140592,28.59,389,19,credit_card,1,95.41,1
38497,36,23.44,113635,7.19,595,11,medical,3,22.33,0
10348,60,13.83,131022,12.37,411,12,other,0,92.23,0
24714,60,12.41,74040,33.32,476,1,credit_card,4,42.59,0
39102,36,13.74,95357,10.14,642,15,car,0,98.55,0
9924,36,24.37,98356,16.99,400,5,car,4,55.41,0
38098,36,21.53,36211,35.26,700,18,credit_card,0,93.08,0
25394,36,9.63,125426,10.42,327,12,car,3,0.53,0
7801,60,9.35,25842,7.9,836,16,small_business,4,74.82,0
38614,36,7.46,86852,21.96,357,8,car,2,90.31,0
7731,60,21.51,145737,15.58,797,16,medical,0,13.97,0
49136,60,24.11,65968,24.72,596,1,small_business,0,9.61,0
24625,36,11.63,37508,33.13,433,18,home,1,42.46,0
18337,60,5.52,173077,9.8,630,18,car,4,93.37,0
36307,60,7.05,74575,25.32,548,6,car,2,54.24,0
8056,60,29.2,170043,22.69,849,9,medical,3,52.75,0
12516,60,12.39,176671,10.04,374,9,medical,1,14.11,0
45261,36,24.23,86914,26.84,467,19,other,2,0.08,1
2542,36,20.62,87055,14.58,802,8,credit_card,4,81.01,0
22677,60,14.55,107697,22.07,654,16,credit_card,2,8.76,0
47732,36,10.14,126239,7.88,524,14,credit_card,0,63.38,0
40081,36,8.03,143106,21.09,830,1,medical,0,91.46,0
28569,36,20.38,25355,15.73,445,3,credit_card,1,20.87,0
24322,36,24.37,74120,33.78,540,18,credit_card,4,66.53,1
20065,36,21.1,58342,6.99,643,16,home,4,7.87,0
18924,60,18.26,22257,19.65,334,4,credit_card,2,60.38,0
23556,36,6.05,47364,21.05,300,6,car,1,16.39,0
27962,36,29.21,176044,30.38,452,17,other,4,73.6,1
29295,36,24.97,131715,25.1,728,6,medical,0,30.12,0
14807,36,12.32,46654,28.35,807,16,small_business,2,46.34,0
43348,60,29.5,101423,32.2,425,6,other,3,59.94,1
27432,60,20.05,49320,35.18,790,3,home,0,17.13,0
18749,60,19.56,40808,15.99,781,7,medical,1,74.16,0
42459,60,23.7,72389,23.83,644,12,medical,4,30.26,0
27256,36,25.29,138581,34.4,520,3,car,0,66.24,1
41262,60,21.41,147927,39.63,324,5,other,3,15.83,1
38080,36,8.2,54773,36.13,827,4,other,3,68.81,0
2324,36,13.46,178819,18.0,481,11,credit_card,1,12.82,0
26731,36,28.2,96396,11.83,798,3,car,0,42.54,0
36909,36,10.62,127692,22.13,341,8,credit_card,2,24.72,0
24803,36,14.3,77505,30.96,780,3,credit_card,0,74.84,0
20870,60,15.8,105896,22.24,738,18,medical,3,26.2,0
35578,60,15.99,38135,21.91,701,13,other,1,88.17,0
7588,60,20.32,110887,34.34,845,4,credit_card,1,89.18,0
39069,60,28.58,142118,17.65,644,17,home,2,19.64,0
27790,36,11.02,67377,35.09,344,9,home,1,61.38,0
26289,60,8.04,174626,19.24,320,18,other,1,8.77,0
29178,36,9.94,82491,16.49,369,11,home,1,39.15,0
29710,60,27.17,78283,20.89,347,17,medical,1,71.33,0
16485,36,21.15,36923,31.69,790,16,car,1,65.94,0
45482,36,12.15,67591,9.41,586,10,small_business,3,62.47,0
21652,60,25.4,82261,11.87,309,2,credit_card,0,28.25,0
5748,36,26.53,74336,38.3,841,16,small_business,4,37.8,0
22233,36,26.16,94083,11.14,573,0,car,1,10.29,0
10435,60,27.97,80948,24.87,680,14,car,4,71.9,0
4709,36,11.31,184074,25.28,628,8,medical,4,50.39,0
31355,60,23.88,46672,22.14,778,14,home,3,70.88,0
14116,60,16.51,24213,27.57,314,2,home,1,24.89,0
26470,60,26.05,161365,13.04,815,18,car,4,32.44,0
43344,36,23.21,82507,24.34,490,12,medical,1,33.42,0
43918,36,24.41,77134,18.03,467,11,medical,2,2.57,0
40298,36,21.4,153172,28.16,820,19,other,2,34.1,0
43956,60,9.44,48172,9.94,436,0,credit_card,2,80.33,0
15683,36,18.63,40132,24.98,453,16,home,4,89.73,0
1504,60,29.62,38199,11.48,687,12,car,2,51.82,0
34982,60,28.43,56609,14.75,508,0,other,3,45.55,0
35299,36,6.08,194037,12.65,571,9,small_business,3,3.08,0
29016,60,9.12,159088,11.4,442,14,home,4,87.92,0
24960,36,8.29,190851,33.9,368,6,credit_card,1,1.3,0
34591,36,23.15,51881,15.0,546,17,medical,0,94.48,0
18312,36,25.44,44472,37.45,560,15,car,1,48.92,1
38797,36,10.34,187093,38.95,378,13,home,1,34.19,0
47196,36,17.65,74131,24.99,824,17,small_business,1,92.42,0
3105,60,26.02,175159,10.01,629,6,credit_card,1,2.44,0
37395,60,23.32,32828,18.11,488,16,credit_card,0,58.14,0
46740,60,18.56,116664,32.92,394,17,other,2,54.89,0
23700,36,19.76,152473,17.86,307,11,home,1,21.93,0
35620,36,17.71,35193,8.05,366,7,small_business,3,42.89,0
38678,36,12.44,195936,24.49,795,1,credit_card,4,65.23,0
21559,60,19.13,171379,34.58,490,6,car,4,72.71,0
28509,36,22.22,122518,32.86,665,3,credit_card,3,0.07,0
28860,60,26.83,39611,11.13,820,17,small_business,1,93.69,0
12003,60,20.91,194863,28.55,416,5,medical,0,16.45,1
22732,36,24.03,163022,12.72,566,8,medical,2,23.36,0
26826,36,9.0,96240,12.64,784,8,other,4,26.35,0
31354,60,16.54,22745,35.59,808,13,home,2,3.78,0
14843,36,5.23,75243,13.74,597,7,small_business,0,12.31,0
45472,60,11.17,23866,14.21,463,18,other,4,98.63,0
49529,36,23.16,183317,5.02,675,2,credit_card,2,31.52,0
7190,36,29.8,195796,35.47,567,17,credit_card,0,11.53,1
18640,60,7.48,148681,32.74,848,4,medical,2,10.7,0
39413,36,15.04,91354,26.96,373,13,other,1,71.95,0
43356,60,25.0,71374,31.26,807,3,medical,0,85.46,0
45597,36,10.1,134397,10.32,372,6,car,2,25.7,0
41821,60,18.88,144577,21.04,607,19,medical,1,2.09,0
4330,60,23.33,181188,17.29,498,11,car,1,22.31,0
20087,36,20.4,101029,8.28,429,1,credit_card,0,5.65,0
42430,60,9.7,113574,22.01,786,10,other,3,10.34,0
25504,36,13.88,171519,37.23,450,13,car,4,43.15,0
8114,36,24.59,50431,6.4,505,15,other,0,22.99,0
14323,36,18.86,168980,15.2,478,19,other,1,51.59,0
35121,60,5.13,49336,12.26,496,5,car,1,25.35,0
11975,60,24.02,60992,13.34,388,3,home,0,94.05,0
12023,36,5.88,75350,36.8,733,14,medical,3,90.59,0
22447,36,23.64,89561,21.38,482,0,car,4,56.68,0
25933,60,10.06,71955,21.32,508,6,credit_card,2,35.44,0
24959,36,28.95,81240,31.62,792,11,other,0,38.11,0
1667,36,14.2,171165,10.41,429,9,small_business,4,41.19,0
30703,60,13.17,157227,22.05,312,4,car,4,72.76,0
10337,36,8.72,66607,20.05,405,11,medical,1,45.16,0
47427,60,12.64,184559,25.89,674,17,other,2,85.67,0
37487,36,26.92,172035,39.98,398,9,home,0,94.41,1
20129,60,29.91,72870,31.93,491,5,credit_card,1,33.59,1
41251,36,14.21,84110,18.93,624,11,home,1,56.07,0
32921,36,16.22,172008,33.96,766,6,small_business,3,9.51,0
34307,60,23.05,136895,10.97,666,17,car,4,20.05,0
28355,36,27.15,24426,6.07,617,1,other,0,41.35,0
38732,60,19.83,47606,12.16,443,9,car,0,20.62,0
5835,36,14.79,198904,16.91,683,14,medical,0,87.66,0
21159,60,15.32,48151,22.87,515,11,car,1,15.83,0
39810,60,22.39,31308,26.53,660,16,credit_card,3,45.57,0
48605,60,5.08,196743,36.87,623,3,small_business,2,60.57,0
41080,60,20.49,110306,22.84,314,6,home,1,69.19,0
39088,36,13.89,126984,22.54,516,8,small_business,2,38.31,0
14216,36,24.85,22204,6.76,791,18,other,3,86.91,0
36547,60,7.32,112769,6.22,846,6,car,4,56.83,0
32471,60,19.71,107265,24.29,482,1,other,0,43.95,0
18308,60,17.02,51131,20.34,569,5,home,2,6.72,0
28532,36,21.06,72428,34.37,766,17,other,1,46.47,0
35349,36,6.62,53870,10.62,818,5,medical,2,82.07,0
46445,36,19.5,123547,5.87,841,12,small_business,4,61.45,0
6713,36,19.04,69067,20.72,766,18,home,0,83.22,0
5804,60,19.02,132217,13.31,604,1,home,2,49.4,0
11136,60,20.09,172679,6.74,443,11,home,4,11.85,0
1009,60,21.91,176040,30.36,410,14,credit_card,1,1.36,1
20255,36,25.12,118934,8.91,531,13,small_business,3,30.32,0
24793,36,11.75,162980,26.29,799,5,other,1,69.8,0
30548,36,25.63,177495,14.84,572,17,home,0,79.03,0
38892,60,17.46,94707,11.07,472,4,small_business,1,29.58,0
2015,60,6.93,81215,18.29,306,17,home,1,49.57,0
28712,36,6.46,69429,33.05,454,2,medical,1,42.11,0
35961,60,13.36,102152,18.72,821,2,medical,1,41.05,0
9415,36,24.62,128048,31.28,845,9,medical,0,23.13,0
47318,36,22.69,189530,9.39,847,18,car,4,13.64,0
48280,60,24.72,197241,32.05,817,2,home,2,19.67,0
24833,36,17.93,158731,13.29,514,11,car,3,5.53,0
5158,60,16.0,97240,28.71,433,15,small_business,2,19.81,0
21309,36,8.69,183865,24.8,584,16,car,2,0.92,0
7970,60,13.2,133688,37.52,425,6,small_business,3,62.73,0
7938,60,15.85,66473,18.56,738,12,small_business,0,31.64,0
22168,60,7.22,116762,7.32,451,1,small_business,3,97.31,0
47540,36,10.52,126956,5.67,630,3,other,0,19.37,0
21384,36,19.96,138452,33.94,837,9,car,2,34.58,0
19017,60,23.39,146311,23.37,682,6,other,0,35.78,0
11344,60,29.96,27006,32.13,414,16,home,4,0.85,1
41034,36,28.33,94218,13.2,781,19,car,3,83.92,0
9702,36,21.06,184912,17.08,583,5,home,4,3.2,0
1384,36,15.53,52430,6.05,374,18,home,2,94.02,0
1404,60,20.9,43091,38.65,465,4,small_business,3,89.21,1
41943,36,24.64,184055,28.38,488,9,car,2,53.55,1
48926,36,7.96,43989,37.66,377,8,home,4,54.36,0
30189,60,15.25,95451,14.29,320,12,medical,2,65.38,0
13763,36,26.0,38990,26.4,483,18,home,3,38.71,1
19384,36,14.6,110270,28.75,521,5,medical,3,64.72,0
33606,36,19.3,100360,16.11,627,3,car,2,4.48,0
10860,60,19.69,56081,34.68,478,2,other,3,5.4,0
39757,60,9.61,162105,38.15,411,2,car,3,45.72,0
16106,60,14.06,128272,35.97,358,3,other,2,54.96,0
24574,60,13.36,36241,30.87,626,4,other,4,88.78,0
24524,60,5.65,144932,14.71,490,7,car,3,10.47,0
4636,60,5.6,25939,14.86,499,15,home,3,82.26,0
11916,60,25.79,133000,38.72,611,2,credit_card,3,21.0,0
5809,36,11.83,198634,5.36,334,11,home,3,39.41,0
33201,36,17.95,55063,30.06,678,7,home,2,31.66,0
14456,60,12.47,178117,29.72,686,12,small_business,4,40.02,0
49212,36,28.52,195841,26.79,536,3,small_business,4,15.05,1
39765,36,11.48,67118,39.65,818,13,home,0,50.36,0
35816,60,15.74,104703,15.92,582,13,medical,3,80.16,0
46106,36,26.82,172697,16.9,300,12,other,3,44.15,0
18100,36,26.05,148557,7.76,763,5,small_business,0,49.06,0
22949,36,9.65,47076,20.5,529,16,home,4,84.88,0
5544,36,25.07,64605,14.14,471,3,credit_card,1,70.61,0
38744,36,16.45,104565,17.02,386,7,medical,1,49.05,0
46543,60,17.07,59121,34.21,422,16,car,4,25.77,0
43783,60,8.34,51433,37.74,597,2,home,3,88.49,0
27657,60,7.02,63309,11.5,783,16,home,1,57.7,0
37187,36,23.2,87468,18.04,464,8,other,2,22.11,0
48198,60,17.41,195326,37.5,682,1,medical,2,26.91,0
8239,36,15.92,87293,7.16,508,12,small_business,0,80.31,0
15489,36,23.24,116258,8.23,731,19,small_business,4,4.41,0
44125,36,24.14,188925,10.7,688,1,small_business,4,99.21,0
29538,36,8.97,58405,25.83,523,19,car,1,13.04,0
33049,60,20.26,63527,10.27,302,10,medical,3,79.61,0
38131,60,8.38,97227,38.88,671,14,medical,4,39.48,0
43944,36,23.78,151564,20.64,745,10,small_business,1,49.22,0
9427,60,21.42,159883,22.55,415,2,small_business,1,88.07,0
42348,36,28.92,113344,13.63,569,2,other,4,41.29,0
25285,60,6.72,175344,21.48,746,11,credit_card,1,53.75,0
38626,60,6.43,67153,28.17,667,4,credit_card,0,4.93,0
43808,36,12.05,128042,31.29,552,19,home,0,0.23,0
23928,60,11.54,74110,31.39,616,6,home,4,24.48,0
20198,36,11.17,165051,25.23,714,6,medical,3,68.06,0
20758,60,27.66,48328,36.65,394,12,medical,0,12.13,1
16254,36,11.24,132911,33.61,323,8,car,0,11.38,0
45238,36,11.8,32867,31.5,349,12,car,4,41.1,0
2252,60,23.98,79234,6.95,801,11,credit_card,2,64.78,0
40764,60,16.24,45851,5.24,797,12,home,1,71.21,0
13173,36,24.42,51279,12.44,634,9,credit_card,0,17.85,0
38441,60,6.63,93402,28.22,378,0,credit_card,2,7.96,0
27698,60,17.19,35449,19.39,326,7,home,3,94.04,0
16781,36,5.84,96221,19.08,570,15,car,2,26.07,0
14051,36,6.57,109080,35.96,546,12,other,4,85.33,0
40649,60,27.66,25451,36.34,686,2,other,3,86.35,0
7949,36,8.48,107178,36.82,660,2,other,3,77.25,0
43289,36,18.31,192388,15.99,787,4,home,2,16.88,0
9017,36,15.28,83761,29.19,651,10,small_business,4,82.18,0
7941,60,13.68,58870,14.51,555,6,small_business,0,76.93,0
26934,60,27.5,116566,11.67,521,9,small_business,2,59.67,0
24386,36,5.55,143749,11.46,300,9,medical,0,33.72,0
11209,60,21.59,143765,16.97,845,19,car,2,26.25,0
18715,36,29.08,144881,20.05,745,1,car,0,12.19,0
29920,60,19.0,181945,34.08,378,2,medical,2,50.98,0
32703,36,28.42,148389,9.2,535,7,credit_card,3,58.53,0
43318,36,6.31,45372,30.72,633,10,other,1,35.93,0
5637,60,15.47,23642,23.6,648,12,small_business,3,47.54,0
5854,36,11.5,179073,15.08,397,6,other,0,36.35,0
44088,60,23.27,54064,22.25,381,12,small_business,4,64.1,0
38660,60,29.53,34122,15.5,801,1,other,3,90.13,0
40811,36,11.41,175892,25.86,776,5,credit_card,1,16.39,0
20856,36,21.35,88431,20.18,849,8,other,0,38.14,0
22833,60,9.95,75745,10.75,313,19,other,3,14.09,0
20963,36,19.13,70081,9.08,691,1,home,2,62.49,0
37932,36,16.6,159783,24.13,646,17,other,4,72.89,0
28169,36,29.3,169865,36.58,609,15,home,0,93.19,0
8941,36,20.21,159271,17.04,685,11,car,3,27.89,0
15388,36,13.74,96253,30.66,508,6,medical,0,95.02,0
6569,60,7.85,56191,28.05,656,6,other,2,6.33,0
5300,60,8.78,30211,37.6,393,16,car,1,60.3,0
40037,36,10.63,131086,33.73,392,12,home,3,5.71,0
37586,36,11.27,172614,24.83,639,10,other,0,89.38,0
13015,36,26.27,182384,28.0,744,5,other,0,52.98,0
46002,60,19.03,196314,36.44,321,13,credit_card,0,66.93,0
7254,36,18.08,121971,18.98,590,5,car,1,83.16,0
18144,60,7.87,113783,16.44,784,5,small_business,0,15.03,0
25214,60,26.5,145681,5.38,605,1,small_business,4,3.86,0
41118,60,23.07,107893,33.93,427,19,credit_card,4,87.89,1
16183,36,6.69,178763,33.03,572,14,home,0,31.49,0
7238,60,22.7,97960,8.66,741,16,small_business,4,12.9,0
7090,36,18.59,104388,25.19,802,7,small_business,3,46.85,0
12637,60,7.04,42601,21.24,429,4,medical,4,59.83,0
23415,36,16.46,169092,9.15,431,16,car,0,3.1,0
25071,60,17.12,159227,39.32,781,19,home,2,27.49,0
46415,36,9.14,187849,12.51,689,0,other,3,3.28,0
43679,60,28.64,39710,7.35,624,17,car,1,42.03,0
42240,36,26.25,128714,25.82,368,14,home,0,89.51,1
19271,36,21.73,175604,30.86,747,4,small_business,1,98.27,0
37034,36,16.56,148727,6.14,827,6,medical,2,63.7,0
34434,36,15.29,169673,28.06,464,17,car,1,16.16,0
5188,60,21.27,83227,23.63,787,5,small_business,0,90.58,0
11161,60,18.64,156039,8.61,725,4,home,0,51.62,0
29732,36,6.56,104289,11.04,564,18,car,2,15.37,0
12314,60,17.81,171094,24.88,641,9,other,0,92.17,0
24954,36,25.16,194535,15.37,577,14,car,2,75.75,0
22508,36,16.48,25722,37.84,738,9,small_business,2,73.17,0
22969,60,6.3,178485,33.66,456,15,car,0,70.92,0
46659,36,24.66,101050,39.42,721,11,other,4,20.03,0
38545,36,10.03,103596,14.09,550,17,medical,2,21.1,0
37668,60,11.47,86732,38.94,829,0,medical,0,68.83,0
24061,36,9.12,163369,20.09,626,15,small_business,4,21.97,0
14716,36,13.26,88323,17.16,396,5,home,2,43.87,0
40749,36,23.92,43816,6.76,812,2,small_business,4,78.2,0
40144,36,17.98,60695,6.85,515,1,medical,3,78.4,0
17907,60,10.12,170774,29.22,431,1,credit_card,3,45.33,0
19777,60,26.95,176314,21.03,559,12,credit_card,4,79.22,0
28693,60,26.99,75841,12.93,424,8,car,2,83.86,0
43928,36,26.76,148498,26.49,381,15,other,0,65.48,1
27329,36,10.97,127096,13.85,582,4,car,1,22.84,0
47892,60,16.28,112764,25.22,358,6,credit_card,0,27.4,0
17282,36,29.62,105744,17.57,843,12,medical,1,31.48,0
24624,36,24.3,48482,33.82,460,19,car,1,11.68,1
24321,36,5.68,29171,33.72,583,12,small_business,2,27.32,0
11488,36,6.63,120755,21.71,405,6,other,4,20.95,0
23574,60,16.6,128125,17.28,404,9,small_business,0,45.53,0
6240,60,27.73,150722,17.69,738,14,other,4,90.84,0
44221,60,18.47,126082,33.2,527,5,medical,3,10.45,0
11478,36,17.45,23696,16.49,617,4,car,2,72.03,0
46162,60,7.64,146310,12.32,763,1,other,2,68.73,0
20262,60,21.42,171130,7.96,771,14,small_business,3,9.58,0
5432,36,25.55,171385,21.33,355,15,car,0,92.26,0
30721,36,14.51,39149,21.87,312,18,car,3,56.85,0
14568,60,24.39,150064,34.43,739,8,small_business,0,36.37,0
15178,60,29.11,73521,12.74,317,18,credit_card,1,75.65,0
23195,60,10.09,65740,18.33,412,6,other,2,25.74,0
1302,60,18.08,126611,33.29,528,3,small_business,0,69.35,0
18022,36,12.18,156028,33.83,470,2,medical,4,3.97,0
1055,60,24.82,86641,18.46,594,19,home,4,83.94,0
46781,60,19.44,83811,21.07,488,10,small_business,2,44.82,0
9717,36,20.86,83232,15.62,725,0,car,3,63.67,0
29699,60,24.95,35417,37.64,378,5,car,3,22.12,1
9150,36,14.9,175801,9.15,481,10,small_business,0,67.71,0
3125,36,27.88,132492,37.68,798,0,home,3,77.22,0
45247,36,18.33,50099,28.94,370,6,small_business,2,47.32,0
49513,60,8.95,181033,23.61,547,5,home,0,61.77,0
17748,60,22.4,163674,6.14,445,13,home,1,45.63,0
40577,36,24.83,138474,21.65,595,1,medical,3,89.41,0
5621,60,12.92,29256,19.27,769,3,other,3,49.79,0
16034,60,26.43,54681,10.64,805,10,car,0,84.18,0
47391,36,27.65,111328,27.97,492,14,car,4,80.14,1
6126,36,11.92,63361,38.99,367,17,home,3,41.05,0
6122,60,29.59,54540,24.68,793,0,car,2,23.01,0
19030,36,8.52,177608,30.02,351,2,credit_card,3,40.61,0
18302,60,10.05,104700,7.4,662,2,home,1,82.62,0
20181,60,9.61,98532,19.62,773,6,car,3,22.76,0
39638,60,27.35,147626,9.07,820,0,credit_card,4,52.44,0
2531,60,21.36,153943,26.45,730,10,medical,3,80.61,0
41940,36,8.8,66002,37.85,597,5,car,0,35.35,0
41441,36,16.01,69812,28.16,734,19,credit_card,3,64.22,0
24333,36,20.38,173698,7.69,497,2,small_business,4,24.56,0
40650,36,7.09,128946,17.41,427,18,other,0,10.93,0
35674,60,27.06,86668,24.27,831,1,small_business,2,79.44,0
36854,60,25.09,119003,19.11,710,17,credit_card,0,9.9,0
47271,36,17.63,62998,34.18,364,11,home,1,27.14,0
9152,60,29.18,124601,33.51,540,9,home,0,85.51,1
39518,60,15.44,196679,26.41,668,4,car,2,34.65,0
46540,60,29.6,27812,18.07,835,8,small_business,3,97.3,0
11267,36,21.7,81844,13.94,683,1,home,0,97.97,0
26289,36,20.87,153251,8.71,730,1,home,0,26.83,0
2062,36,9.15,194870,17.42,382,5,small_business,0,4.1,0
30926,60,27.05,94601,19.46,585,9,medical,0,70.51,0
7229,36,15.69,159347,28.65,833,17,home,2,45.1,0
48915,36,9.06,67857,28.04,758,11,other,4,10.08,0
5632,36,5.32,145555,7.45,511,3,credit_card,4,70.75,0
40056,36,18.99,40700,18.83,425,16,car,0,3.12,0
4596,36,18.18,190536,11.36,712,14,home,2,87.02,0
45243,36,22.98,193423,10.49,798,5,other,2,13.87,0
7168,60,27.26,113330,33.96,724,15,other,0,12.73,0
43563,60,6.99,164941,6.47,842,16,home,1,17.57,0
8561,36,23.29,172026,19.67,457,2,medical,0,96.03,0
9258,36,9.69,182627,10.89,411,9,credit_card,1,69.32,0
17616,60,26.45,83353,35.78,701,4,car,0,80.14,0
27734,60,25.48,196098,24.5,421,13,home,1,39.76,0
7371,36,18.52,120772,13.1,572,12,car,1,33.63,0
27069,36,22.76,198048,22.58,593,5,small_business,0,23.45,0
15369,36,12.86,111502,30.6,697,11,other,1,48.06,0
13910,36,16.78,133943,38.53,770,7,other,3,55.18,0
8943,60,25.54,129850,12.72,506,4,home,4,63.18,0
13199,36,16.48,65095,36.02,409,14,home,2,25.71,0
16728,36,13.94,165342,37.7,739,15,small_business,1,94.87,0
24275,36,17.36,181980,37.07,577,0,medical,1,16.98,0
7738,36,25.71,35523,27.24,781,15,home,2,96.57,0
16913,60,13.38,82433,27.04,413,4,other,1,1.49,0
36240,60,9.34,198140,19.11,776,2,car,2,48.11,0
20123,60,22.8,39991,31.33,620,19,credit_card,0,33.34,0
49447,36,25.65,30775,23.6,478,14,car,3,44.91,0
35529,36,7.52,104995,28.71,518,12,medical,3,57.07,0
11167,60,11.0,167745,20.0,827,15,credit_card,4,43.56,0
11554,36,8.55,142808,30.6,791,10,car,1,41.48,0
18260,36,13.7,178128,33.86,360,1,car,4,73.27,0
48045,60,16.26,157686,10.13,353,5,small_business,0,68.59,0
4812,60,23.72,27415,34.15,837,5,medical,3,83.33,0
29024,60,21.28,194956,23.91,364,13,other,0,25.0,0
28285,60,20.52,168036,34.56,470,10,small_business,0,60.95,1
27900,36,13.81,188798,20.1,572,7,credit_card,1,58.52,0
2605,36,26.04,57044,18.27,834,7,other,0,36.97,0
6622,60,16.78,188616,37.03,690,0,small_business,3,48.61,0
7767,36,29.48,69976,13.79,626,6,medical,4,31.38,0
28139,60,20.85,183324,34.55,407,5,home,3,14.18,1
12613,60,8.16,23832,21.94,461,7,home,1,21.38,0
11589,36,21.9,54148,22.99,751,18,credit_card,3,10.55,0
14918,60,13.13,132230,15.8,505,19,home,2,68.31,0
21119,36,22.16,105076,25.06,315,7,small_business,4,66.07,1
